entry_date,exit_date,direction,entry_price,exit_price,lots,pnl,trade_pnl,tp1_hit,outcome,score,regime,setup,duration_bars,equity
2020-01-01 20:20,2020-01-02 00:15,SELL,34284.97,29521.06,0.02,93.99,47.61,True,TP2,85,WEAK_TREND_DOWN,2,47,10093.99
2020-01-02 13:25,2020-01-02 14:00,SELL,20188.53,21479.26,0.02,68.09,-25.86,False,SL,70,STRONG_TREND_DOWN,2,7,10068.09
2020-01-02 14:45,2020-01-02 15:05,SELL,21554.63,22466.37,0.02,49.77,-18.28,False,SL,75,STRONG_TREND_DOWN,2,4,10049.77
2020-01-03 07:05,2020-01-03 08:55,SELL,23214.7,19009.25,0.02,112.71,42.04,True,TP2,70,STRONG_TREND_DOWN,2,22,10112.71
2020-01-03 13:35,2020-01-03 13:55,SELL,16763.49,18161.26,0.02,84.69,-27.99,False,SL,70,WEAK_TREND_DOWN,2,4,10084.69
2020-01-03 21:30,2020-01-03 23:15,SELL,17231.38,18624.01,0.02,56.76,-27.89,False,SL,70,STRONG_TREND_DOWN,2,21,10056.76
2020-01-05 13:10,2020-01-05 13:35,BUY,29465.27,28594.42,0.02,39.23,-17.47,False,SL,70,STRONG_TREND_UP_HIGHVOL,2,5,10039.23
2020-01-05 21:15,2020-01-05 22:10,SELL,27669.5,28515.42,0.02,22.2,-16.98,False,SL,70,STRONG_TREND_DOWN,2,11,10022.2
2020-01-06 09:50,2020-01-06 11:10,SELL,18565.79,19710.96,0.02,-0.78,-22.94,False,SL,70,STRONG_TREND_DOWN,2,16,9999.22
2020-01-06 13:20,2020-01-06 13:35,SELL,19180.6,19633.67,0.02,-9.92,-9.1,False,SL,75,WEAK_TREND_DOWN,2,3,9990.08
2020-01-07 06:30,2020-01-07 06:55,SELL,14764.97,16204.2,0.02,-38.77,-28.82,False,SL,70,STRONG_TREND_DOWN,2,5,9961.23
2020-01-07 07:50,2020-01-07 08:30,SELL,17502.65,18550.66,0.02,-59.8,-21.0,False,SL,65,STRONG_TREND_DOWN,2,8,9940.2
2020-01-08 14:35,2020-01-08 15:45,SELL,15971.32,15971.32,0.02,-48.05,-0.02,True,SL,70,STRONG_TREND_DOWN,2,14,9951.95
2020-01-08 16:15,2020-01-08 18:40,SELL,14800.57,14800.57,0.02,-33.54,-0.01,True,SL,70,STRONG_TREND_DOWN,2,29,9966.46
2020-01-09 07:40,2020-01-11 01:50,SELL,6316.96,9023.95,0.02,-87.71,-54.16,False,SL,75,WEAK_TREND_DOWN,2,506,9912.29
2020-01-11 12:25,2020-01-11 12:35,BUY,10640.34,9901.03,0.02,-102.54,-14.81,False,SL,80,WEAK_TREND_UP_HIGHVOL,2,2,9897.46
2020-01-11 15:55,2020-01-12 06:55,SELL,8754.69,8754.69,0.02,-79.47,-0.01,True,SL,70,WEAK_TREND_DOWN_HIGHVOL,2,180,9920.53
2020-01-13 16:20,2020-01-13 17:45,BUY,30933.17,34235.98,0.02,-13.26,32.99,True,TP2,85,STRONG_TREND_UP_HIGHVOL,2,17,9986.74
2020-01-13 18:25,2020-01-13 20:50,BUY,35286.64,39739.51,0.02,53.33,44.49,True,TP2,70,STRONG_TREND_UP,2,29,10053.33
2020-01-14 13:55,2020-01-14 14:35,SELL,27919.48,27919.48,0.02,59.97,-0.03,True,SL,65,STRONG_TREND_DOWN,2,8,10059.97
2020-01-14 22:00,2020-01-14 22:15,BUY,30647.05,29427.28,0.02,35.45,-24.45,False,SL,75,WEAK_TREND_UP,2,3,10035.45
2020-01-15 11:30,2020-01-15 12:15,BUY,30971.48,30971.48,0.02,42.0,-0.03,True,SL,75,WEAK_TREND_UP,2,9,10042.0
2020-01-15 21:50,2020-01-16 17:10,BUY,33407.25,40904.12,0.02,154.26,74.93,True,TP2,70,WEAK_TREND_UP,2,232,10154.26
2020-01-16 18:45,2020-01-16 19:15,BUY,42048.81,41369.39,0.02,140.5,-13.67,False,SL,70,STRONG_TREND_UP,2,6,10140.5
2020-01-16 20:25,2020-01-16 23:10,BUY,42192.74,44254.8,0.02,171.21,20.58,True,TP2,70,STRONG_TREND_UP,2,33,10171.21
2020-01-18 10:40,2020-01-18 12:45,BUY,48968.02,56797.78,0.02,288.4,78.24,True,TP2,70,STRONG_TREND_UP,2,25,10288.4
2020-01-18 17:10,2020-01-18 23:30,BUY,61099.32,64369.69,0.02,353.56,65.28,False,TP2,75,STRONG_TREND_UP,2,76,10353.56
2020-01-20 18:35,2020-01-20 18:40,SELL,57897.04,58863.35,0.02,334.0,-19.44,False,SL,65,STRONG_TREND_DOWN,2,1,10334.0
2020-01-22 07:10,2020-01-22 10:30,SELL,49949.02,47938.6,0.02,366.09,20.06,True,TP2,70,STRONG_TREND_DOWN,1,40,10366.09
2020-01-22 16:00,2020-01-22 16:20,BUY,51036.66,50217.57,0.02,349.51,-16.48,False,SL,70,STRONG_TREND_UP,2,4,10349.51
2020-01-22 17:35,2020-01-22 21:50,BUY,49845.76,49845.76,0.02,361.2,-0.05,True,SL,75,STRONG_TREND_UP,2,51,10361.2
2020-01-23 07:10,2020-01-23 07:25,BUY,49838.47,49144.41,0.02,347.12,-13.98,False,SL,70,STRONG_TREND_UP,2,3,10347.12
2020-01-23 19:40,2020-01-23 20:00,SELL,46717.4,47445.37,0.02,332.37,-14.65,False,SL,70,WEAK_TREND_DOWN,2,4,10332.37
2020-01-24 13:20,2020-01-24 14:35,BUY,48690.98,51429.29,0.02,373.2,27.33,True,TP2,75,STRONG_TREND_UP,2,15,10373.2
2020-01-24 15:45,2020-01-24 19:25,BUY,50441.0,53551.57,0.02,419.6,31.05,True,TP2,65,WEAK_TREND_UP_HIGHVOL,2,44,10419.6
2020-01-24 22:05,2020-01-24 22:15,BUY,53527.2,52379.02,0.02,396.42,-23.07,False,SL,75,STRONG_TREND_UP,2,2,10396.42
2020-01-25 11:40,2020-01-25 12:50,BUY,54016.7,54016.7,0.02,408.27,-0.05,True,SL,70,WEAK_TREND_UP,2,14,10408.27
2020-01-25 14:45,2020-01-25 19:00,BUY,54911.8,53689.52,0.02,383.61,-24.55,False,SL,70,WEAK_TREND_UP,2,51,10383.61
2020-01-26 07:05,2020-01-26 11:25,BUY,54233.29,57182.86,0.02,427.58,29.44,True,TP2,70,STRONG_TREND_UP_HIGHVOL,2,52,10427.58
2020-01-26 11:40,2020-01-26 14:55,BUY,57371.79,57371.79,0.02,441.49,-0.06,True,SL,70,STRONG_TREND_UP_HIGHVOL,2,39,10441.49
2020-01-27 07:20,2020-01-27 12:40,BUY,61444.19,66185.77,0.02,512.31,47.35,True,TP2,75,WEAK_TREND_UP_HIGHVOL,2,64,10512.31
2020-01-27 14:05,2020-01-27 15:10,BUY,64713.85,64051.17,0.02,498.8,-13.38,False,SL,75,WEAK_TREND_UP,2,13,10498.8
2020-01-28 14:55,2020-01-28 15:50,BUY,54207.04,53019.84,0.02,474.84,-23.85,False,SL,70,STRONG_TREND_UP,2,11,10474.84
2020-01-28 16:55,2020-01-28 17:20,BUY,53593.66,52529.69,0.02,453.35,-21.38,False,SL,70,STRONG_TREND_UP_HIGHVOL,2,5,10453.35
2020-01-28 21:00,2020-01-28 22:20,SELL,51852.03,52706.06,0.02,436.06,-17.19,False,SL,65,WEAK_TREND_DOWN,2,16,10436.06
2020-01-29 07:50,2020-01-29 10:40,BUY,59657.17,61958.06,0.02,476.8,22.95,True,TP2,75,STRONG_TREND_UP,2,34,10476.8
2020-01-29 11:25,2020-01-29 15:55,BUY,62143.43,60731.45,0.02,448.32,-28.36,False,SL,70,STRONG_TREND_UP,2,54,10448.32
2020-01-29 18:20,2020-01-29 22:10,BUY,62601.35,61764.23,0.02,431.33,-16.87,False,SL,70,WEAK_TREND_UP,2,46,10431.33
2020-01-30 06:05,2020-01-30 09:35,BUY,67175.81,70606.41,0.02,482.46,34.24,True,TP2,70,STRONG_TREND_UP,2,42,10482.46
2020-01-30 11:05,2020-01-30 11:40,BUY,71306.17,70002.8,0.02,456.11,-26.21,False,SL,70,STRONG_TREND_UP,2,7,10456.11
2020-01-30 17:15,2020-01-30 17:30,BUY,75517.59,74620.85,0.02,437.88,-18.08,False,SL,75,WEAK_TREND_UP,2,3,10437.88
2020-01-30 19:50,2020-01-30 20:30,BUY,75533.28,74964.12,0.02,426.19,-11.53,False,SL,75,WEAK_TREND_UP,2,8,10426.19
2020-01-31 16:55,2020-01-31 17:40,SELL,68868.86,70231.5,0.02,398.66,-27.39,False,SL,65,STRONG_TREND_DOWN,2,9,10398.66
2020-02-01 13:35,2020-02-01 15:30,SELL,64164.16,64164.16,0.02,406.52,-0.06,True,SL,65,STRONG_TREND_DOWN,2,23,10406.52
2020-02-01 20:35,2020-02-01 23:30,BUY,69027.33,72658.74,0.02,460.66,36.24,True,TP2,70,STRONG_TREND_UP_HIGHVOL,2,35,10460.66
2020-02-02 08:45,2020-02-02 09:50,BUY,78682.45,77178.22,0.02,430.26,-30.24,False,SL,70,STRONG_TREND_UP_HIGHVOL,2,13,10430.26
2020-02-02 10:45,2020-02-02 10:50,BUY,76387.59,75536.04,0.02,412.93,-17.18,False,SL,75,STRONG_TREND_UP,2,1,10412.93
2020-02-02 14:00,2020-02-02 14:40,BUY,76343.75,75532.54,0.02,396.4,-16.38,False,SL,65,STRONG_TREND_UP,2,8,10396.4
2020-02-04 21:30,2020-02-04 21:50,SELL,61044.47,62000.59,0.02,377.03,-19.25,False,SL,60,WEAK_TREND_DOWN_HIGHVOL,2,4,10377.03
2020-02-05 06:30,2020-02-05 09:55,SELL,58001.6,58001.6,0.02,393.26,-0.06,True,SL,75,WEAK_TREND_DOWN,2,41,10393.26
2020-02-05 22:05,2020-02-05 22:15,SELL,58610.02,59619.5,0.02,372.83,-20.31,False,SL,70,STRONG_TREND_DOWN_HIGHVOL,2,2,10372.83
2020-02-06 10:25,2020-02-06 11:20,SELL,54133.23,51611.03,0.02,410.4,25.17,True,TP2,70,STRONG_TREND_DOWN,2,11,10410.4
2020-02-06 12:10,2020-02-06 13:20,SELL,51972.6,53247.42,0.02,384.69,-25.6,False,SL,70,STRONG_TREND_DOWN,2,14,10384.69
2020-02-07 07:40,2020-02-07 08:40,BUY,61970.85,65735.66,0.02,459.36,37.58,True,TP2,65,STRONG_TREND_UP_HIGHVOL,2,12,10459.36
2020-02-07 11:45,2020-02-07 12:55,BUY,64157.31,61029.96,0.02,396.56,-62.67,False,SL,70,STRONG_TREND_UP_HIGHVOL,2,14,10396.56
2020-02-07 15:10,2020-02-08 12:45,SELL,55925.65,44658.45,0.02,565.31,112.63,True,TP2,70,STRONG_TREND_DOWN_HIGHVOL,2,259,10565.31
2020-02-08 14:35,2020-02-08 17:30,SELL,41865.59,38987.88,0.02,608.27,28.74,True,TP2,70,STRONG_TREND_DOWN,2,35,10608.27
2020-02-08 18:40,2020-02-08 21:20,SELL,38314.89,38314.89,0.02,616.08,-0.04,True,SL,70,STRONG_TREND_DOWN,2,32,10616.08
2020-02-10 06:30,2020-02-10 06:45,SELL,43253.31,44494.9,0.02,591.07,-24.92,False,SL,70,STRONG_TREND_DOWN,2,3,10591.07
2020-02-10 11:45,2020-02-10 12:00,SELL,40459.86,40459.86,0.02,624.18,-0.04,True,SL,75,STRONG_TREND_DOWN_HIGHVOL,2,3,10624.18
2020-02-10 20:35,2020-02-12 05:50,SELL,42124.97,32355.93,0.02,770.51,97.66,True,TP2,70,WEAK_TREND_DOWN_HIGHVOL,2,399,10770.51
2020-02-12 07:25,2020-02-12 11:35,SELL,30564.3,31965.97,0.02,742.35,-28.1,False,SL,70,STRONG_TREND_DOWN_HIGHVOL,2,50,10742.35
2020-02-12 11:50,2020-02-12 12:15,SELL,31575.8,32259.06,0.02,728.56,-13.73,False,SL,85,WEAK_TREND_DOWN,2,5,10728.56
2020-02-13 13:00,2020-02-13 13:05,BUY,40936.71,39064.91,0.02,690.96,-37.51,False,SL,65,STRONG_TREND_UP,2,1,10690.96
2020-02-14 12:30,2020-02-14 12:35,BUY,40912.19,43165.47,0.02,723.83,22.49,True,TP2,70,WEAK_TREND_UP_HIGHVOL,2,1,10723.83
2020-02-15 09:05,2020-02-15 10:55,BUY,57629.5,60049.56,0.02,759.84,24.14,True,TP2,70,STRONG_TREND_UP,2,22,10759.84
2020-02-15 11:10,2020-02-15 18:10,BUY,60510.1,60510.1,0.02,773.36,-0.06,True,SL,70,STRONG_TREND_UP_HIGHVOL,2,84,10773.36
2020-02-16 08:20,2020-02-16 09:10,BUY,64098.79,65675.67,0.02,799.88,15.7,True,TP2,70,WEAK_TREND_UP,2,10,10799.88
2020-02-16 10:05,2020-02-16 10:45,BUY,65586.12,64439.3,0.02,776.69,-23.07,False,SL,70,STRONG_TREND_UP,2,8,10776.69
2020-02-16 11:45,2020-02-16 12:35,BUY,64421.16,63665.38,0.02,761.31,-15.24,False,SL,90,WEAK_TREND_UP,2,10,10761.31
2020-02-16 22:55,2020-02-17 00:20,BUY,66476.62,69552.02,0.02,799.59,30.68,True,TP2,70,STRONG_TREND_UP,2,17,10799.59
2020-02-17 07:25,2020-02-17 07:45,BUY,76286.96,74527.82,0.02,764.11,-35.33,False,SL,75,WEAK_TREND_UP,2,4,10764.11
2020-02-17 11:10,2020-02-17 12:10,BUY,75193.54,75193.54,0.02,801.94,-0.08,True,SL,85,WEAK_TREND_UP,2,12,10801.94
2020-02-17 20:05,2020-02-18 04:15,BUY,81143.0,85092.86,0.02,860.8,39.41,True,TP2,70,WEAK_TREND_UP,2,98,10860.8
2020-02-19 09:15,2020-02-19 09:20,BUY,80620.42,79973.6,0.02,847.55,-13.1,False,SL,75,STRONG_TREND_UP,2,1,10847.55
2020-02-19 12:50,2020-02-19 18:40,BUY,82189.38,81090.87,0.02,825.25,-22.13,False,SL,70,STRONG_TREND_UP,2,70,10825.25
2020-02-20 12:30,2020-02-20 13:50,BUY,80682.55,79211.81,0.02,795.51,-29.57,False,SL,70,STRONG_TREND_UP,2,16,10795.51
2020-02-21 13:25,2020-02-21 14:15,SELL,74329.26,75141.71,0.02,778.97,-16.4,False,SL,65,WEAK_TREND_DOWN,2,10,10778.97
2020-02-22 06:50,2020-02-22 09:20,BUY,78436.43,78436.43,0.02,790.01,-0.08,True,SL,70,STRONG_TREND_UP,2,30,10790.01
2020-02-22 12:25,2020-02-22 12:45,BUY,78522.34,78522.34,0.02,798.02,-0.08,True,SL,85,WEAK_TREND_UP,2,4,10798.02
2020-02-22 22:40,2020-02-23 04:25,BUY,77281.96,77281.96,0.02,821.68,-0.08,True,SL,70,STRONG_TREND_UP_HIGHVOL,2,69,10821.68
2020-02-23 07:45,2020-02-23 08:25,BUY,78985.68,78985.68,0.02,831.41,-0.08,True,SL,70,STRONG_TREND_UP,2,8,10831.41
2020-02-23 10:30,2020-02-23 11:05,BUY,78985.15,78049.99,0.02,812.39,-18.86,False,SL,70,WEAK_TREND_UP,2,7,10812.39
2020-02-23 13:45,2020-02-23 14:30,BUY,80925.84,79693.27,0.02,787.42,-24.81,False,SL,70,STRONG_TREND_UP,2,9,10787.42
2020-02-23 15:40,2020-02-23 15:45,BUY,80340.96,80340.96,0.02,794.7,-0.08,True,SL,70,WEAK_TREND_UP,2,1,10794.7
2020-02-23 17:25,2020-02-23 17:50,BUY,80566.26,79192.14,0.02,766.9,-27.64,False,SL,85,STRONG_TREND_UP_HIGHVOL,2,5,10766.9
2020-02-24 18:10,2020-02-24 18:50,BUY,77973.8,77973.8,0.02,773.28,-0.08,True,SL,70,STRONG_TREND_UP,2,8,10773.28
2020-02-25 12:15,2020-02-25 13:10,SELL,73311.18,75446.33,0.02,730.28,-42.85,False,SL,70,STRONG_TREND_DOWN,2,11,10730.28
2020-02-25 13:50,2020-02-25 13:55,BUY,76042.51,74838.93,0.02,705.9,-24.22,False,SL,70,WEAK_TREND_UP,2,1,10705.9
2020-02-25 20:25,2020-02-26 00:55,BUY,81344.05,79953.38,0.02,677.77,-27.97,False,SL,70,WEAK_TREND_UP,2,54,10677.77
2020-02-26 08:15,2020-02-26 10:35,BUY,80215.52,80215.52,0.02,691.84,-0.08,True,SL,75,STRONG_TREND_UP_HIGHVOL,2,28,10691.84
2020-02-26 16:40,2020-02-26 19:10,BUY,84186.2,88182.16,0.02,751.38,39.87,True,TP2,70,STRONG_TREND_UP,2,30,10751.38
2020-02-26 20:20,2020-02-26 21:05,BUY,88378.39,87042.66,0.02,724.32,-26.89,False,SL,70,WEAK_TREND_UP,2,9,10724.32
2020-02-28 07:55,2020-02-28 08:25,BUY,84362.79,83253.3,0.02,701.79,-22.36,False,SL,70,WEAK_TREND_UP,2,6,10701.79
2020-02-28 11:25,2020-02-28 11:35,SELL,82721.06,83215.72,0.02,691.57,-10.06,False,SL,65,STRONG_TREND_DOWN,2,2,10691.57
2020-02-28 18:15,2020-02-28 18:30,SELL,81714.81,82247.9,0.02,680.58,-10.83,False,SL,65,STRONG_TREND_DOWN,2,3,10680.58
2020-02-29 20:35,2020-02-29 21:50,SELL,78478.82,79127.81,0.02,667.28,-13.14,False,SL,70,STRONG_TREND_DOWN,2,15,10667.28
2020-03-01 17:15,2020-03-01 18:45,SELL,75528.79,76334.79,0.02,650.86,-16.27,False,SL,70,STRONG_TREND_DOWN,2,18,10650.86
2020-03-01 19:00,2020-03-01 21:00,SELL,75925.45,76575.78,0.02,637.55,-13.16,False,SL,65,WEAK_TREND_DOWN,2,24,10637.55
2020-03-01 21:25,2020-03-01 21:40,SELL,76176.07,76743.98,0.02,625.88,-11.51,False,SL,75,STRONG_TREND_DOWN,2,3,10625.88
2020-03-02 15:55,2020-03-02 16:45,SELL,73042.05,73918.73,0.02,608.06,-17.68,False,SL,70,STRONG_TREND_DOWN,2,10,10608.06
2020-03-03 07:25,2020-03-03 08:00,SELL,71504.27,71504.27,0.02,613.75,-0.07,True,SL,70,STRONG_TREND_DOWN,2,7,10613.75
2020-03-03 10:15,2020-03-03 11:45,SELL,69576.11,70265.04,0.02,599.7,-13.92,False,SL,70,WEAK_TREND_DOWN,2,18,10599.7
2020-03-03 12:10,2020-03-03 12:30,SELL,70485.95,71092.29,0.02,587.29,-12.27,False,SL,90,STRONG_TREND_DOWN_HIGHVOL,2,4,10587.29
2020-03-04 10:05,2020-03-04 11:50,SELL,71584.45,71584.45,0.02,594.89,-0.07,True,SL,85,WEAK_TREND_DOWN,2,21,10594.89
2020-03-04 12:20,2020-03-05 01:25,SELL,71677.39,71677.39,0.02,614.32,-0.07,True,SL,90,STRONG_TREND_DOWN,2,157,10614.32
2020-03-05 06:50,2020-03-05 08:15,SELL,69917.93,70742.26,0.02,597.55,-16.63,False,SL,70,STRONG_TREND_DOWN,2,17,10597.55
2020-03-05 12:00,2020-03-05 13:15,SELL,70732.76,70732.76,0.02,603.69,-0.07,True,SL,70,STRONG_TREND_DOWN_HIGHVOL,2,15,10603.69
2020-03-07 07:50,2020-03-07 13:20,BUY,84099.28,82741.21,0.02,576.19,-27.33,False,SL,75,WEAK_TREND_UP,2,66,10576.19
2020-03-08 11:25,2020-03-08 12:20,BUY,81988.84,81339.31,0.02,562.87,-13.15,False,SL,75,STRONG_TREND_UP,2,11,10562.87
2020-03-08 17:25,2020-03-08 18:20,BUY,81306.13,80371.17,0.02,543.85,-18.86,False,SL,65,STRONG_TREND_UP,2,11,10543.85
2020-03-09 07:00,2020-03-09 07:10,BUY,80029.71,80029.71,0.02,550.78,-0.08,True,SL,90,WEAK_TREND_UP_HIGHVOL,2,2,10550.78
2020-03-09 10:50,2020-03-09 11:45,BUY,85158.86,83605.05,0.02,519.37,-31.24,False,SL,70,STRONG_TREND_UP_HIGHVOL,2,11,10519.37
2020-03-09 12:40,2020-03-09 14:30,BUY,83843.06,88317.79,0.02,586.1,44.66,True,TP2,70,STRONG_TREND_UP_HIGHVOL,2,22,10586.1
2020-03-10 15:20,2020-03-10 15:30,BUY,92441.33,92441.33,0.02,591.18,-0.09,True,SL,75,STRONG_TREND_UP,2,2,10591.18
2020-03-10 18:25,2020-03-10 20:35,BUY,98143.98,101175.26,0.02,636.2,30.21,True,TP2,70,STRONG_TREND_UP,2,26,10636.2
2020-03-10 21:50,2020-03-10 22:05,BUY,99958.48,99039.88,0.02,617.43,-18.57,False,SL,70,STRONG_TREND_UP,2,3,10617.43
2020-03-11 07:45,2020-03-11 08:05,BUY,97059.64,95977.1,0.02,595.4,-21.84,False,SL,70,STRONG_TREND_UP,2,4,10595.4
2020-03-11 09:15,2020-03-11 10:45,SELL,96191.52,96948.7,0.02,579.87,-15.34,False,SL,65,WEAK_TREND_DOWN,2,18,10579.87
2020-03-11 12:05,2020-03-11 16:30,BUY,97147.66,96151.29,0.02,559.55,-20.12,False,SL,70,STRONG_TREND_UP,2,53,10559.55
2020-03-12 13:10,2020-03-12 16:20,BUY,97572.48,97572.48,0.02,572.63,-0.1,True,SL,85,WEAK_TREND_UP,2,38,10572.63
2020-03-12 16:40,2020-03-12 19:45,BUY,98176.71,98176.71,0.02,588.93,-0.1,True,SL,85,STRONG_TREND_UP,1,37,10588.93
2020-03-13 06:55,2020-03-13 07:15,SELL,95965.54,96522.54,0.02,577.41,-11.33,False,SL,60,STRONG_TREND_DOWN,2,4,10577.41
2020-03-13 10:35,2020-03-13 11:15,BUY,103001.72,99740.21,0.02,511.77,-65.43,False,SL,70,STRONG_TREND_UP_HIGHVOL,2,8,10511.77
2020-03-13 12:15,2020-03-13 18:50,BUY,99133.54,99133.54,0.02,551.02,-0.1,True,SL,75,STRONG_TREND_UP,2,79,10551.02
2020-03-13 19:10,2020-03-13 20:00,BUY,102597.87,99878.61,0.02,496.23,-54.58,False,SL,70,STRONG_TREND_UP,2,10,10496.23
2020-03-13 20:45,2020-03-14 13:15,BUY,102888.76,102888.76,0.02,550.35,-0.1,True,SL,70,WEAK_TREND_UP_HIGHVOL,2,198,10550.35
2020-03-14 18:55,2020-03-14 19:20,BUY,104337.41,101298.33,0.02,489.16,-60.98,False,SL,70,STRONG_TREND_UP_HIGHVOL,2,5,10489.16
2020-03-15 16:00,2020-03-15 16:10,BUY,103333.05,102608.19,0.02,474.25,-14.7,False,SL,85,STRONG_TREND_UP,2,2,10474.25
2020-03-15 19:05,2020-03-15 19:25,BUY,105327.98,104493.52,0.02,457.14,-16.9,False,SL,70,STRONG_TREND_UP,2,4,10457.14
2020-03-15 21:20,2020-03-15 22:50,BUY,104683.53,106821.7,0.02,499.48,42.55,False,TP2,80,STRONG_TREND_UP_HIGHVOL,2,18,10499.48
2020-03-16 12:35,2020-03-16 12:55,BUY,111885.54,115028.94,0.02,546.13,31.32,True,TP2,70,STRONG_TREND_UP,2,4,10546.13
2020-03-16 14:10,2020-03-16 15:20,BUY,114541.68,113103.68,0.02,516.91,-28.99,False,SL,70,STRONG_TREND_UP_HIGHVOL,2,14,10516.91
2020-03-16 16:15,2020-03-16 18:45,BUY,114633.4,114633.4,0.02,533.02,-0.11,True,SL,70,WEAK_TREND_UP,2,30,10533.02
2020-03-16 19:15,2020-03-16 19:25,BUY,114333.67,113280.06,0.02,511.49,-21.3,False,SL,75,WEAK_TREND_UP_HIGHVOL,2,2,10511.49
2020-03-17 09:10,2020-03-17 11:20,SELL,109853.71,107518.69,0.02,554.03,23.24,True,TP2,65,STRONG_TREND_DOWN,2,26,10554.03
2020-03-17 14:00,2020-03-17 16:20,BUY,110794.05,114131.64,0.02,603.6,33.26,True,TP2,70,STRONG_TREND_UP,2,28,10603.6
2020-03-17 21:50,2020-03-18 01:40,BUY,114583.55,113207.8,0.02,575.63,-27.74,False,SL,70,STRONG_TREND_UP,2,46,10575.63
2020-03-18 11:20,2020-03-18 12:55,BUY,112228.93,112228.93,0.02,611.59,-0.11,True,SL,70,STRONG_TREND_UP_HIGHVOL,2,19,10611.59
2020-03-19 12:45,2020-03-19 12:50,SELL,96438.13,98072.52,0.02,578.51,-32.88,False,SL,70,STRONG_TREND_DOWN,2,1,10578.51
2020-03-19 22:30,2020-03-20 00:10,BUY,99684.15,105339.39,0.02,662.89,56.45,True,TP2,65,STRONG_TREND_UP,2,20,10662.89
2020-03-20 08:20,2020-03-20 09:20,BUY,103147.78,101612.24,0.02,631.76,-30.91,False,SL,70,WEAK_TREND_UP,2,12,10631.76
2020-03-20 12:20,2020-03-20 12:35,SELL,100827.2,101970.31,0.02,608.5,-23.07,False,SL,70,WEAK_TREND_DOWN,2,3,10608.5
2020-03-20 18:45,2020-03-20 19:55,BUY,101160.11,101160.11,0.02,616.77,-0.1,True,SL,80,STRONG_TREND_UP,2,14,10616.77
2020-03-20 20:00,2020-03-20 20:15,BUY,101848.06,101064.79,0.02,600.7,-15.87,False,SL,60,STRONG_TREND_UP,2,3,10600.7
2020-03-21 07:20,2020-03-21 07:25,BUY,102208.3,102208.3,0.02,606.25,-0.1,True,SL,75,STRONG_TREND_UP,2,1,10606.25
2020-03-21 22:55,2020-03-22 00:45,BUY,102605.82,102605.82,0.02,620.05,-0.1,True,SL,70,STRONG_TREND_UP_HIGHVOL,2,22,10620.05
2020-03-22 16:30,2020-03-22 17:00,BUY,102899.8,102123.03,0.02,604.1,-15.74,False,SL,70,WEAK_TREND_UP,2,6,10604.1
2020-03-23 11:55,2020-03-23 16:05,BUY,106223.78,106223.78,0.02,621.33,-0.11,True,SL,70,STRONG_TREND_UP_HIGHVOL,2,50,10621.33
2020-03-24 11:05,2020-03-24 13:20,BUY,106613.54,103947.04,0.02,567.58,-53.54,False,SL,70,STRONG_TREND_UP,2,27,10567.58
2020-03-24 17:50,2020-03-24 19:20,BUY,105309.78,104424.45,0.02,549.45,-17.92,False,SL,85,WEAK_TREND_UP,2,18,10549.45
2020-03-25 07:05,2020-03-25 07:20,SELL,97472.08,98117.82,0.02,536.15,-13.11,False,SL,75,STRONG_TREND_DOWN,2,3,10536.15
2020-03-25 13:25,2020-03-25 13:35,SELL,96885.79,97690.37,0.02,519.67,-16.29,False,SL,70,STRONG_TREND_DOWN,2,2,10519.67
2020-03-26 16:55,2020-03-26 19:00,SELL,99436.85,99436.85,0.02,530.51,-0.1,True,SL,70,STRONG_TREND_DOWN,2,25,10530.51
2020-03-27 07:35,2020-03-27 07:50,SELL,84852.04,85600.95,0.02,515.19,-15.15,False,SL,75,WEAK_TREND_DOWN,2,3,10515.19
2020-03-27 22:35,2020-03-27 22:45,BUY,94404.49,91857.67,0.02,463.88,-51.12,False,SL,70,STRONG_TREND_UP,2,2,10463.88
2020-03-28 21:10,2020-03-28 21:35,SELL,86017.46,88630.95,0.02,411.26,-52.45,False,SL,70,STRONG_TREND_DOWN,2,5,10411.26
2020-03-29 08:00,2020-03-29 11:55,SELL,76672.71,76672.71,0.02,430.97,-0.08,True,SL,75,WEAK_TREND_DOWN,2,47,10430.97
2020-03-29 12:05,2020-03-29 13:30,SELL,75777.62,77044.17,0.02,405.34,-25.49,False,SL,75,WEAK_TREND_DOWN,2,17,10405.34
2020-03-29 23:00,2020-03-29 23:05,SELL,79273.49,80179.05,0.02,386.91,-18.27,False,SL,70,STRONG_TREND_DOWN,2,1,10386.91
2020-03-30 06:30,2020-03-30 07:20,SELL,80172.54,80991.41,0.02,370.21,-16.54,False,SL,65,STRONG_TREND_DOWN,2,10,10370.21
2020-03-30 09:25,2020-03-30 09:40,BUY,80763.81,80763.81,0.02,377.45,-0.08,True,SL,70,STRONG_TREND_UP_HIGHVOL,2,3,10377.45
2020-03-31 16:05,2020-03-31 17:05,SELL,86835.89,87614.92,0.02,361.52,-15.76,False,SL,70,STRONG_TREND_DOWN,2,12,10361.52
2020-03-31 18:20,2020-03-31 19:10,SELL,86827.36,87891.22,0.02,339.9,-21.45,False,SL,70,WEAK_TREND_DOWN_HIGHVOL,2,10,10339.9
2020-04-01 22:10,2020-04-01 22:55,SELL,92099.52,92765.93,0.02,326.2,-13.51,False,SL,65,STRONG_TREND_DOWN,2,9,10326.2
2020-04-02 06:25,2020-04-02 09:55,SELL,87118.92,83774.93,0.02,375.96,33.36,True,TP2,70,STRONG_TREND_DOWN,2,42,10375.96
2020-04-03 06:55,2020-04-03 08:05,BUY,93861.85,93072.2,0.02,359.8,-15.98,False,SL,65,STRONG_TREND_UP,2,14,10359.8
2020-04-03 11:20,2020-04-03 12:10,BUY,94456.47,93619.15,0.02,342.67,-16.93,False,SL,70,WEAK_TREND_UP_HIGHVOL,2,10,10342.67
2020-04-03 16:35,2020-04-03 19:10,BUY,95665.17,94679.77,0.02,322.59,-19.9,False,SL,70,STRONG_TREND_UP_HIGHVOL,2,31,10322.59
2020-04-03 22:55,2020-04-03 23:15,BUY,96536.75,95104.39,0.02,293.56,-28.84,False,SL,70,STRONG_TREND_UP_HIGHVOL,2,4,10293.56
2020-04-04 10:15,2020-04-04 10:20,SELL,91924.26,92734.05,0.02,276.99,-16.38,False,SL,65,STRONG_TREND_DOWN,2,1,10276.99
2020-04-04 22:25,2020-04-05 04:35,SELL,85980.51,85980.51,0.02,296.09,-0.09,True,SL,70,STRONG_TREND_DOWN,2,74,10296.09
2020-04-05 07:25,2020-04-05 09:30,SELL,82971.76,82971.76,0.02,311.72,-0.08,True,SL,70,STRONG_TREND_DOWN,2,25,10311.72
2020-04-05 15:30,2020-04-05 17:15,SELL,82800.25,85783.26,0.02,251.73,-59.83,False,SL,70,WEAK_TREND_DOWN_HIGHVOL,1,21,10251.73
2020-04-05 21:15,2020-04-06 02:15,SELL,81414.94,83255.51,0.02,214.59,-36.98,False,SL,70,STRONG_TREND_DOWN,2,60,10214.59
2020-04-06 08:20,2020-04-06 10:10,SELL,82091.85,82818.42,0.02,199.72,-14.7,False,SL,70,WEAK_TREND_DOWN,2,22,10199.72
2020-04-06 16:15,2020-04-06 20:55,SELL,82747.68,80020.89,0.02,240.25,27.19,True,TP2,65,STRONG_TREND_DOWN_HIGHVOL,2,56,10240.25
2020-04-08 11:20,2020-04-08 18:05,BUY,90313.33,88039.97,0.02,194.43,-45.64,False,SL,65,STRONG_TREND_UP,2,81,10194.43
2020-04-08 22:30,2020-04-08 22:40,BUY,89884.19,89143.6,0.02,179.26,-14.99,False,SL,70,STRONG_TREND_UP,2,2,10179.26
2020-04-09 08:35,2020-04-09 08:45,BUY,90672.31,89842.63,0.02,162.3,-16.77,False,SL,65,STRONG_TREND_UP,2,2,10162.3
2020-04-09 14:30,2020-04-09 18:15,BUY,93469.39,92064.67,0.02,133.84,-28.28,False,SL,70,WEAK_TREND_UP_HIGHVOL,2,45,10133.84
2020-04-10 07:40,2020-04-10 10:05,BUY,97627.44,96238.07,0.02,105.66,-27.98,False,SL,70,STRONG_TREND_UP_HIGHVOL,2,29,10105.66
2020-04-10 10:30,2020-04-10 11:25,BUY,95909.14,94937.09,0.02,85.84,-19.63,False,SL,70,STRONG_TREND_UP_HIGHVOL,2,11,10085.84
2020-04-10 15:10,2020-04-10 16:35,BUY,97541.66,101209.55,0.02,140.41,36.58,True,TP2,70,STRONG_TREND_UP,2,17,10140.41
2020-04-10 18:35,2020-04-10 19:05,BUY,102317.02,101404.87,0.02,121.76,-18.45,False,SL,70,STRONG_TREND_UP,2,6,10121.76
2020-04-10 20:40,2020-04-10 22:55,BUY,100647.67,103087.91,0.02,162.4,24.3,True,TP2,75,STRONG_TREND_UP,2,27,10162.4
2020-04-11 07:05,2020-04-11 10:40,BUY,104319.83,107297.86,0.02,206.6,29.67,True,TP2,70,STRONG_TREND_UP,2,43,10206.6
2020-04-11 12:45,2020-04-11 13:20,BUY,104892.98,104189.01,0.02,192.1,-14.29,False,SL,100,WEAK_TREND_UP_HIGHVOL,2,7,10192.1
2020-04-12 16:45,2020-04-12 17:30,BUY,99796.72,98804.68,0.02,171.86,-20.04,False,SL,70,STRONG_TREND_UP,2,9,10171.86
2020-04-12 18:25,2020-04-12 22:30,BUY,101364.92,105665.15,0.02,235.9,42.9,True,TP2,70,STRONG_TREND_UP_HIGHVOL,2,49,10235.9
2020-04-13 06:30,2020-04-13 08:25,BUY,107201.7,107201.7,0.02,273.67,-0.11,True,SL,65,STRONG_TREND_UP,2,23,10273.67
2020-04-13 13:50,2020-04-13 18:45,BUY,108758.53,107094.95,0.02,239.96,-33.49,False,SL,85,STRONG_TREND_UP,2,59,10239.96
2020-04-13 21:40,2020-04-14 01:40,BUY,110299.99,109228.09,0.02,218.09,-21.66,False,SL,70,STRONG_TREND_UP,2,48,10218.09
2020-04-14 06:40,2020-04-14 06:55,BUY,112655.42,111846.83,0.02,201.46,-16.4,False,SL,70,WEAK_TREND_UP,2,3,10201.46
2020-04-14 18:25,2020-04-14 19:00,BUY,109241.05,108394.14,0.02,184.09,-17.15,False,SL,75,STRONG_TREND_UP_HIGHVOL,2,7,10184.09
2020-04-15 07:10,2020-04-15 07:40,BUY,119987.74,117492.08,0.02,133.7,-50.15,False,SL,70,STRONG_TREND_UP,2,6,10133.7
2020-04-15 08:25,2020-04-15 09:45,BUY,120107.38,117790.54,0.02,86.89,-46.57,False,SL,70,STRONG_TREND_UP,2,16,10086.89
2020-04-15 11:00,2020-04-16 00:55,BUY,123167.86,123167.86,0.02,124.13,-0.12,True,SL,70,STRONG_TREND_UP,2,167,10124.13
2020-04-16 08:45,2020-04-16 09:15,BUY,124836.11,123963.49,0.02,106.18,-17.7,False,SL,70,WEAK_TREND_UP,2,6,10106.18
2020-04-16 12:10,2020-04-16 13:35,BUY,125315.09,124460.07,0.02,88.58,-17.35,False,SL,70,STRONG_TREND_UP_HIGHVOL,2,17,10088.58
2020-04-16 14:05,2020-04-16 20:00,BUY,124868.69,124868.69,0.02,96.76,-0.12,True,SL,75,STRONG_TREND_UP,2,71,10096.76
2020-04-17 14:25,2020-04-17 14:30,SELL,125574.76,123996.78,0.02,122.63,15.66,True,TP2,70,STRONG_TREND_DOWN,2,1,10122.63
2020-04-17 18:35,2020-04-17 21:00,SELL,124597.06,122841.73,0.02,147.86,17.43,True,TP2,65,STRONG_TREND_DOWN,2,29,10147.86
2020-04-18 08:10,2020-04-18 08:15,BUY,124431.07,122395.99,0.02,106.67,-40.95,False,SL,75,WEAK_TREND_UP_HIGHVOL,2,1,10106.67
2020-04-18 11:50,2020-04-18 12:20,BUY,127896.26,124943.13,0.02,47.1,-59.31,False,SL,70,STRONG_TREND_UP,2,6,10047.1
2020-04-18 13:40,2020-04-18 15:05,BUY,125846.07,125846.07,0.02,82.64,-0.13,True,SL,70,WEAK_TREND_UP,2,17,10082.64
2020-04-18 15:35,2020-04-18 16:35,BUY,125633.08,123171.14,0.02,32.9,-49.49,False,SL,75,STRONG_TREND_UP,2,12,10032.9
2020-04-18 21:05,2020-04-18 21:25,BUY,132384.14,131718.13,0.02,19.05,-13.58,False,SL,85,WEAK_TREND_UP,2,4,10019.05
2020-04-19 06:05,2020-04-19 06:30,BUY,132843.72,132049.39,0.02,2.64,-16.15,False,SL,70,STRONG_TREND_UP,2,5,10002.64
2020-04-19 12:50,2020-04-19 13:25,BUY,132900.72,132113.42,0.02,-13.64,-16.01,False,SL,70,WEAK_TREND_UP,2,7,9986.36
2020-04-20 09:10,2020-04-20 09:20,SELL,123937.63,124702.78,0.02,-29.44,-15.55,False,SL,65,STRONG_TREND_DOWN,2,2,9970.56
2020-04-20 13:20,2020-04-20 17:15,BUY,126675.39,126675.39,0.02,-17.64,-0.13,True,SL,70,STRONG_TREND_UP,2,47,9982.36
2020-04-20 19:40,2020-04-20 20:00,BUY,127101.7,126510.22,0.02,-29.98,-12.08,False,SL,90,WEAK_TREND_UP,2,4,9970.02
2020-04-21 07:05,2020-04-21 10:25,BUY,133455.98,132745.45,0.02,-44.72,-14.48,False,SL,75,WEAK_TREND_UP,2,40,9955.28
2020-04-21 10:30,2020-04-21 15:55,BUY,133291.06,132657.51,0.02,-57.92,-12.94,False,SL,70,WEAK_TREND_UP,2,65,9942.08
2020-04-21 19:25,2020-04-21 20:05,BUY,134320.78,133105.71,0.02,-82.76,-24.57,False,SL,75,STRONG_TREND_UP_HIGHVOL,2,8,9917.24
2020-04-22 10:20,2020-04-22 12:10,BUY,144153.25,147401.06,0.02,-34.67,32.33,True,TP2,70,STRONG_TREND_UP,2,22,9965.33
2020-04-22 14:20,2020-04-22 17:30,BUY,149947.81,148658.24,0.02,-61.06,-26.09,False,SL,70,STRONG_TREND_UP,2,38,9938.94
2020-04-22 19:05,2020-04-22 20:45,BUY,151066.99,155062.13,0.02,7.27,39.8,True,TP2,70,WEAK_TREND_UP,2,20,10007.27
2020-04-22 22:55,2020-04-23 00:50,BUY,154802.62,153462.16,0.02,-20.16,-27.12,False,SL,70,WEAK_TREND_UP,2,23,9979.84
2020-04-23 11:25,2020-04-23 12:30,SELL,149923.01,149923.01,0.02,-8.54,-0.15,True,SL,65,STRONG_TREND_DOWN,2,13,9991.46
2020-04-23 22:40,2020-04-23 23:45,BUY,148872.18,148192.23,0.02,-22.74,-13.9,False,SL,60,STRONG_TREND_UP,2,13,9977.26
2020-04-24 10:05,2020-04-24 11:15,BUY,147579.59,146822.94,0.02,-38.46,-15.43,False,SL,70,STRONG_TREND_UP,2,14,9961.54
2020-04-24 12:30,2020-04-24 14:55,BUY,148965.15,148965.15,0.02,-19.47,-0.15,True,SL,70,STRONG_TREND_UP_HIGHVOL,2,29,9980.53
2020-04-24 15:05,2020-04-24 16:00,BUY,149082.77,147854.05,0.02,-44.64,-24.87,False,SL,75,WEAK_TREND_UP,2,11,9955.36
2020-04-25 06:20,2020-04-25 07:40,BUY,146291.97,145302.32,0.02,-65.01,-20.08,False,SL,75,WEAK_TREND_UP,2,16,9934.99
2020-04-25 13:30,2020-04-25 13:45,SELL,145333.84,145999.26,0.02,-78.9,-13.6,False,SL,65,WEAK_TREND_DOWN,2,3,9921.1
2020-04-26 08:30,2020-04-26 12:45,BUY,149062.81,153057.04,0.02,-19.64,39.79,True,TP2,70,WEAK_TREND_UP_HIGHVOL,2,51,9980.36
2020-04-28 06:30,2020-04-28 08:35,BUY,153987.6,153987.6,0.02,-1.8,-0.15,True,SL,75,WEAK_TREND_UP,2,25,9998.2
2020-04-28 10:10,2020-04-28 13:50,BUY,155335.77,159256.48,0.02,56.06,39.05,True,TP2,75,WEAK_TREND_UP,2,44,10056.06
2020-04-28 17:15,2020-04-28 21:05,BUY,163316.26,162369.19,0.02,36.46,-19.27,False,SL,70,STRONG_TREND_UP,2,46,10036.46
2020-04-30 11:25,2020-04-30 11:30,BUY,133912.97,136495.2,0.02,74.61,25.69,True,TP2,65,STRONG_TREND_UP,2,1,10074.61
2020-04-30 16:25,2020-04-30 16:35,SELL,131554.58,134846.29,0.02,8.24,-66.1,False,SL,75,STRONG_TREND_DOWN_HIGHVOL,2,2,10008.24
2020-05-01 15:45,2020-05-02 23:30,BUY,145117.23,155146.19,0.02,172.29,100.13,True,TP2,65,STRONG_TREND_UP_HIGHVOL,2,381,10172.29
2020-05-03 06:05,2020-05-03 11:30,BUY,158673.68,157690.68,0.02,151.99,-19.98,False,SL,70,STRONG_TREND_UP,2,65,10151.99
2020-05-03 15:25,2020-05-03 18:10,BUY,159459.47,162552.25,0.02,197.69,30.77,True,TP2,70,STRONG_TREND_UP_HIGHVOL,2,33,10197.69
2020-05-04 09:50,2020-05-04 13:05,BUY,163033.78,163033.78,0.02,216.42,-0.16,True,SL,70,STRONG_TREND_UP,2,39,10216.42
2020-05-04 13:15,2020-05-04 18:10,BUY,162932.71,165073.46,0.02,248.99,21.24,True,TP2,70,WEAK_TREND_UP,2,59,10248.99
2020-05-04 19:05,2020-05-04 19:50,BUY,164472.85,164472.85,0.02,258.85,-0.16,True,SL,75,STRONG_TREND_UP,2,9,10258.85
2020-05-04 21:05,2020-05-04 21:35,BUY,166204.05,166204.05,0.02,269.65,-0.17,True,SL,70,WEAK_TREND_UP,2,6,10269.65
2020-05-06 06:30,2020-05-06 06:45,BUY,167267.02,165420.79,0.02,232.06,-37.26,False,SL,70,WEAK_TREND_UP,2,3,10232.06
2020-05-06 16:10,2020-05-06 17:40,BUY,167279.08,164640.81,0.02,178.63,-53.09,False,SL,70,WEAK_TREND_UP,2,18,10178.63
2020-05-07 16:00,2020-05-07 18:25,BUY,159577.86,159577.86,0.02,191.77,-0.16,True,SL,70,STRONG_TREND_UP_HIGHVOL,2,29,10191.77
2020-05-09 18:45,2020-05-09 19:05,BUY,154437.54,152152.82,0.02,145.47,-46.0,False,SL,65,STRONG_TREND_UP,2,4,10145.47
2020-05-10 06:45,2020-05-10 10:45,BUY,162676.26,162676.26,0.02,158.19,-0.16,True,SL,70,STRONG_TREND_UP_HIGHVOL,2,48,10158.19
2020-05-10 22:15,2020-05-11 02:45,BUY,165421.33,170124.95,0.02,228.02,46.87,True,TP2,70,WEAK_TREND_UP,2,54,10228.02
2020-05-11 09:50,2020-05-11 12:25,BUY,173881.03,173071.21,0.02,211.13,-16.54,False,SL,70,STRONG_TREND_UP,2,31,10211.13
2020-05-11 17:15,2020-05-11 17:25,BUY,175625.97,174494.82,0.02,187.81,-22.97,False,SL,70,STRONG_TREND_UP_HIGHVOL,2,2,10187.81
2020-05-11 21:35,2020-05-11 23:15,BUY,178321.3,182520.64,0.02,250.03,41.81,True,TP2,70,STRONG_TREND_UP,2,20,10250.03
2020-05-12 11:40,2020-05-12 12:55,BUY,178218.82,180545.4,0.02,279.12,23.09,True,TP2,75,STRONG_TREND_UP,2,15,10279.12
2020-05-12 17:05,2020-05-12 17:20,BUY,190700.99,188911.42,0.02,242.57,-36.17,False,SL,75,STRONG_TREND_UP,2,3,10242.57
2020-05-13 06:45,2020-05-13 07:20,BUY,192489.04,191197.73,0.02,215.97,-26.21,False,SL,70,STRONG_TREND_UP,2,7,10215.97
2020-05-14 06:55,2020-05-14 07:20,BUY,183021.6,181822.96,0.02,191.27,-24.34,False,SL,70,STRONG_TREND_UP_HIGHVOL,2,5,10191.27
2020-05-14 10:30,2020-05-14 10:55,BUY,182136.24,181250.32,0.02,172.82,-18.08,False,SL,70,STRONG_TREND_UP,2,5,10172.82
2020-05-15 06:45,2020-05-15 13:20,BUY,203337.09,206526.25,0.02,235.79,63.37,False,TP2,75,WEAK_TREND_UP,2,79,10235.79
2020-05-16 08:50,2020-05-16 09:10,BUY,203062.32,200563.7,0.02,185.01,-50.37,False,SL,75,WEAK_TREND_UP_HIGHVOL,2,4,10185.01
2020-05-17 07:30,2020-05-17 08:20,BUY,205727.61,205727.61,0.02,194.07,-0.21,True,SL,75,WEAK_TREND_UP,2,10,10194.07
2020-05-18 15:25,2020-05-18 16:25,BUY,198625.55,202741.92,0.02,254.97,40.96,True,TP2,70,STRONG_TREND_UP_HIGHVOL,2,12,10254.97
2020-05-18 19:50,2020-05-18 20:15,BUY,198809.68,196756.97,0.02,213.12,-41.45,False,SL,65,STRONG_TREND_UP_HIGHVOL,2,5,10213.12
2020-05-19 15:00,2020-05-20 02:25,BUY,202923.05,202923.05,0.02,259.61,-0.2,True,SL,70,WEAK_TREND_UP_HIGHVOL,2,137,10259.61
2020-05-20 08:00,2020-05-20 09:00,BUY,206850.2,205451.23,0.02,230.8,-28.39,False,SL,70,STRONG_TREND_UP_HIGHVOL,2,12,10230.8
2020-05-21 11:05,2020-05-21 12:40,BUY,203234.95,203234.95,0.02,247.78,-0.2,True,SL,70,STRONG_TREND_UP,2,19,10247.78
2020-05-21 14:05,2020-05-21 17:35,BUY,207395.01,211992.21,0.02,315.86,45.76,True,TP2,70,STRONG_TREND_UP_HIGHVOL,2,42,10315.86
2020-05-21 19:15,2020-05-21 19:50,BUY,209331.21,212413.14,0.02,376.33,30.61,True,TP2,75,STRONG_TREND_UP_HIGHVOL,2,7,10376.33
2020-05-21 21:10,2020-05-21 21:20,BUY,213659.24,212370.13,0.02,349.7,-26.21,False,SL,70,WEAK_TREND_UP,2,2,10349.7
2020-05-21 22:35,2020-05-21 22:40,BUY,212248.87,211409.52,0.02,332.06,-17.21,False,SL,60,STRONG_TREND_UP,2,1,10332.06
2020-05-22 21:45,2020-05-23 08:15,BUY,220005.32,216496.33,0.02,261.01,-70.61,False,SL,70,WEAK_TREND_UP_HIGHVOL,2,126,10261.01
2020-05-23 11:45,2020-05-23 13:15,BUY,218107.72,218107.72,0.02,272.57,-0.22,True,SL,90,STRONG_TREND_UP,2,18,10272.57
2020-05-23 18:40,2020-05-23 19:05,BUY,220336.24,222450.63,0.02,303.35,20.92,True,TP2,70,STRONG_TREND_UP,2,5,10303.35
2020-05-24 06:15,2020-05-24 07:55,BUY,222243.33,222243.33,0.02,318.27,-0.22,True,SL,70,STRONG_TREND_UP,2,20,10318.27
2020-05-24 11:10,2020-05-24 12:15,BUY,223728.68,223052.71,0.02,303.86,-13.97,False,SL,70,WEAK_TREND_UP,2,13,10303.86
2020-05-24 20:15,2020-05-24 20:30,BUY,222713.61,222713.61,0.02,308.19,-0.22,True,SL,90,STRONG_TREND_UP,2,3,10308.19
2020-05-25 06:50,2020-05-25 06:55,SELL,221137.3,222144.73,0.02,287.16,-20.59,False,SL,70,STRONG_TREND_DOWN,2,1,10287.16
2020-05-25 08:35,2020-05-25 08:55,BUY,223540.9,222087.21,0.02,257.19,-29.52,False,SL,70,WEAK_TREND_UP,2,4,10257.19
2020-05-25 12:05,2020-05-25 12:20,SELL,221663.65,222384.49,0.02,241.89,-14.86,False,SL,70,STRONG_TREND_DOWN,2,3,10241.89
2020-05-25 13:35,2020-05-25 15:30,BUY,223011.64,221698.26,0.02,214.73,-26.71,False,SL,70,STRONG_TREND_UP,2,23,10214.73
2020-05-26 15:00,2020-05-26 20:05,BUY,223344.37,226288.04,0.02,257.94,29.21,True,TP2,70,STRONG_TREND_UP_HIGHVOL,2,61,10257.94
2020-05-26 21:10,2020-05-27 00:15,BUY,226596.07,229259.46,0.02,296.93,26.4,True,TP2,70,STRONG_TREND_UP,2,37,10296.93
2020-05-27 09:35,2020-05-27 10:35,BUY,233860.63,232024.77,0.02,259.28,-37.18,False,SL,75,WEAK_TREND_UP,2,12,10259.28
2020-05-27 11:25,2020-05-27 16:40,BUY,235062.26,239581.55,0.02,314.71,44.95,True,TP2,70,WEAK_TREND_UP,2,63,10314.71
2020-05-27 18:20,2020-05-27 20:25,BUY,238285.97,238285.97,0.02,323.12,-0.24,True,SL,75,STRONG_TREND_UP,2,25,10323.12
2020-05-28 10:40,2020-05-28 11:30,BUY,237376.68,236676.56,0.02,308.17,-14.48,False,SL,70,STRONG_TREND_UP,2,10,10308.17
2020-05-28 19:50,2020-05-28 20:35,BUY,237085.89,236270.89,0.02,290.92,-16.77,False,SL,70,STRONG_TREND_UP,2,9,10290.92
2020-05-28 22:05,2020-05-29 01:50,SELL,236275.1,236275.1,0.02,305.35,-0.24,True,SL,65,STRONG_TREND_DOWN_HIGHVOL,2,45,10305.35
2020-05-29 07:25,2020-05-29 08:20,BUY,237554.5,237554.5,0.02,321.97,-0.24,True,SL,70,STRONG_TREND_UP,2,11,10321.97
2020-05-29 11:40,2020-05-29 12:45,BUY,239866.83,238914.7,0.02,301.97,-19.52,False,SL,75,WEAK_TREND_UP,2,13,10301.97
2020-05-29 15:45,2020-05-29 15:50,BUY,241008.75,241008.75,0.02,308.57,-0.24,True,SL,75,WEAK_TREND_UP,2,1,10308.57
2020-05-31 10:55,2020-05-31 12:00,BUY,239068.9,239068.9,0.02,329.12,-0.24,True,SL,70,STRONG_TREND_UP,2,13,10329.12
2020-05-31 12:45,2020-05-31 17:15,BUY,241318.9,246152.9,0.02,400.6,48.09,True,TP2,70,STRONG_TREND_UP_HIGHVOL,2,54,10400.6
2020-06-02 09:20,2020-06-02 10:00,BUY,245117.8,244312.55,0.02,383.52,-16.59,False,SL,85,WEAK_TREND_UP,2,8,10383.52
2020-06-02 21:05,2020-06-03 02:50,BUY,244343.66,244343.66,0.02,403.51,-0.24,True,SL,75,STRONG_TREND_UP,2,69,10403.51
2020-06-03 16:35,2020-06-03 17:20,BUY,244281.59,243576.19,0.02,388.43,-14.6,False,SL,70,STRONG_TREND_UP,2,9,10388.43
2020-06-03 20:25,2020-06-03 22:05,BUY,245380.36,245380.36,0.02,401.12,-0.25,True,SL,70,STRONG_TREND_UP,2,20,10401.12
2020-06-04 07:20,2020-06-04 08:15,BUY,244628.02,243866.57,0.02,384.92,-15.72,False,SL,75,STRONG_TREND_UP,2,11,10384.92
2020-06-04 09:40,2020-06-04 10:30,SELL,243726.68,244667.51,0.02,365.12,-19.31,False,SL,70,WEAK_TREND_DOWN_HIGHVOL,2,10,10365.12
2020-06-04 15:50,2020-06-04 17:50,BUY,244688.84,243760.43,0.02,345.58,-19.06,False,SL,90,STRONG_TREND_UP_HIGHVOL,2,24,10345.58
2020-06-04 18:55,2020-06-04 20:00,BUY,246246.34,244763.69,0.02,314.94,-30.14,False,SL,70,WEAK_TREND_UP,2,13,10314.94
2020-06-05 06:10,2020-06-05 06:30,BUY,247523.82,247523.82,0.02,321.46,-0.25,True,SL,75,WEAK_TREND_UP,2,4,10321.46
2020-06-05 14:20,2020-06-05 16:20,BUY,247201.25,250297.69,0.02,359.44,30.71,True,TP2,70,WEAK_TREND_UP,2,24,10359.44
2020-06-05 18:40,2020-06-05 19:30,BUY,249778.06,249778.06,0.02,367.33,-0.25,True,SL,70,STRONG_TREND_UP,2,10,10367.33
2020-06-06 09:35,2020-06-06 11:55,BUY,248343.41,247484.76,0.02,349.17,-17.67,False,SL,70,STRONG_TREND_UP,2,28,10349.17
2020-06-06 12:15,2020-06-06 12:35,BUY,247868.17,247302.21,0.02,336.86,-11.81,False,SL,75,WEAK_TREND_UP,2,4,10336.86
2020-06-06 16:35,2020-06-06 17:25,BUY,248298.48,247619.97,0.02,322.3,-14.07,False,SL,70,WEAK_TREND_UP,2,10,10322.3
2020-06-07 08:55,2020-06-07 13:25,BUY,244543.96,246855.87,0.02,350.07,22.87,True,TP2,70,STRONG_TREND_UP,2,54,10350.07
2020-06-07 16:00,2020-06-07 16:20,BUY,246493.72,246493.72,0.02,354.91,-0.25,True,SL,70,WEAK_TREND_UP,2,4,10354.91
2020-06-09 08:00,2020-06-09 09:15,BUY,249658.94,248515.1,0.02,331.04,-23.37,False,SL,70,WEAK_TREND_UP,2,15,10331.04
2020-06-09 16:20,2020-06-09 17:40,BUY,249850.58,249850.58,0.02,348.27,-0.25,True,SL,75,STRONG_TREND_UP,2,16,10348.27
2020-06-10 08:20,2020-06-10 08:25,BUY,252086.28,251281.48,0.02,331.17,-16.6,False,SL,85,STRONG_TREND_UP,2,1,10331.17
2020-06-10 18:45,2020-06-10 18:55,SELL,249703.07,250588.3,0.02,312.46,-18.21,False,SL,65,STRONG_TREND_DOWN_HIGHVOL,2,2,10312.46
2020-06-10 20:50,2020-06-10 23:25,BUY,250611.89,250611.89,0.02,331.4,-0.25,True,SL,70,WEAK_TREND_UP_HIGHVOL,2,31,10331.4
2020-06-12 09:00,2020-06-12 09:20,SELL,242004.17,242944.34,0.02,311.62,-19.29,False,SL,70,WEAK_TREND_DOWN,2,4,10311.62
2020-06-12 10:45,2020-06-12 12:20,SELL,242005.24,242955.69,0.02,291.65,-19.49,False,SL,70,STRONG_TREND_DOWN,2,19,10291.65
2020-06-13 21:15,2020-06-13 21:35,SELL,243932.79,245827.57,0.02,252.77,-38.39,False,SL,80,STRONG_TREND_DOWN,2,4,10252.77
2020-06-13 22:45,2020-06-14 00:25,BUY,245679.21,245679.21,0.02,289.41,-0.25,True,SL,70,WEAK_TREND_UP,2,20,10289.41
2020-06-14 08:05,2020-06-14 09:15,SELL,239784.83,241330.68,0.02,257.53,-31.4,False,SL,70,STRONG_TREND_DOWN,2,14,10257.53
2020-06-15 11:45,2020-06-15 15:05,BUY,252956.88,250342.73,0.02,204.24,-52.78,False,SL,70,WEAK_TREND_UP,2,40,10204.24
2020-06-16 14:00,2020-06-16 15:45,SELL,242566.66,245671.16,0.02,141.18,-62.58,False,SL,70,STRONG_TREND_DOWN,2,21,10141.18
2020-06-16 16:30,2020-06-16 18:50,BUY,247614.34,244404.56,0.02,76.0,-64.68,False,SL,70,STRONG_TREND_UP,2,28,10076.0
2020-06-17 06:05,2020-06-17 06:10,SELL,243418.2,244103.68,0.02,61.31,-14.2,False,SL,70,WEAK_TREND_DOWN,2,1,10061.31
2020-06-17 08:50,2020-06-17 10:55,SELL,242926.3,240304.43,0.02,99.62,25.98,True,TP2,70,STRONG_TREND_DOWN,2,25,10099.62
2020-06-17 13:25,2020-06-17 14:05,SELL,240767.31,240767.31,0.02,103.12,-0.24,True,SL,75,WEAK_TREND_DOWN,2,8,10103.12
2020-06-19 06:10,2020-06-19 06:55,BUY,246299.73,246299.73,0.02,117.0,-0.25,True,SL,70,STRONG_TREND_UP,2,9,10117.0
2020-06-19 08:20,2020-06-19 21:55,BUY,247224.39,247224.39,0.02,138.34,-0.25,True,SL,70,STRONG_TREND_UP_HIGHVOL,2,163,10138.34
2020-06-20 18:15,2020-06-20 18:50,SELL,240574.13,241931.58,0.02,110.23,-27.63,False,SL,70,STRONG_TREND_DOWN,2,7,10110.23
2020-06-21 13:20,2020-06-21 22:55,SELL,242482.82,235773.91,0.02,209.85,66.85,True,TP2,75,WEAK_TREND_DOWN_HIGHVOL,2,115,10209.85
2020-06-22 11:10,2020-06-22 11:30,SELL,234342.13,234342.13,0.02,214.4,-0.23,True,SL,75,STRONG_TREND_DOWN,2,4,10214.4
2020-06-23 13:00,2020-06-23 13:20,SELL,236675.59,237413.43,0.02,198.7,-15.23,False,SL,70,WEAK_TREND_DOWN,2,4,10198.7
2020-06-23 14:35,2020-06-23 15:45,SELL,237578.84,235651.54,0.02,223.63,19.04,True,TP2,75,STRONG_TREND_DOWN,2,14,10223.63
2020-06-23 17:40,2020-06-23 21:35,SELL,235392.89,236578.48,0.02,198.97,-24.18,False,SL,70,STRONG_TREND_DOWN,2,47,10198.97
2020-06-24 08:25,2020-06-24 13:35,SELL,233674.54,229687.23,0.02,257.8,39.64,True,TP2,70,STRONG_TREND_DOWN_HIGHVOL,2,62,10257.8
2020-06-24 17:50,2020-06-24 18:10,SELL,226893.25,227635.74,0.02,242.04,-15.31,False,SL,70,STRONG_TREND_DOWN,2,4,10242.04
2020-06-24 19:40,2020-06-24 20:55,SELL,227657.13,228489.1,0.02,224.49,-17.1,False,SL,75,STRONG_TREND_DOWN,2,15,10224.49
2020-06-26 09:45,2020-06-26 10:05,SELL,234323.15,235088.98,0.02,208.24,-15.79,False,SL,90,WEAK_TREND_DOWN,2,4,10208.24
2020-06-27 16:40,2020-06-27 17:25,SELL,237053.43,237053.43,0.02,246.33,-0.24,True,SL,75,WEAK_TREND_DOWN,2,9,10246.33
2020-06-28 14:25,2020-06-28 15:25,BUY,243114.99,242175.42,0.02,226.57,-19.28,False,SL,70,WEAK_TREND_UP_HIGHVOL,2,12,10226.57
2020-06-28 19:10,2020-06-29 00:05,BUY,243510.98,242676.02,0.02,208.9,-17.18,False,SL,70,STRONG_TREND_UP,2,59,10208.9
2020-06-29 21:10,2020-06-29 21:20,SELL,235448.43,235448.43,0.02,217.5,-0.24,True,SL,70,STRONG_TREND_DOWN,2,2,10217.5
2020-06-30 08:45,2020-06-30 10:30,SELL,230827.58,232020.83,0.02,192.71,-24.33,False,SL,70,STRONG_TREND_DOWN,2,21,10192.71
2020-06-30 19:20,2020-06-30 19:40,SELL,231507.59,232311.33,0.02,175.71,-16.54,False,SL,75,STRONG_TREND_DOWN,2,4,10175.71
